Company,AddressLine1,AddressLine2,City,State,Zip,Country
The Gear Store,2345 North Freeway,,Houston,TX ,77003,United States
Third Bike Store,2500 North Stemmons Freeway,,Dallas,TX ,75201,United States
Totes & Baskets Company,72540 Blanco Rd.,,San Antonio,TX ,78204,United States
Town Industries,P.O. Box 6256916,,Dallas,TX ,75201,United States
Two Wheelers Bike Shop,18b Leet Street,,Humble,TX ,77338,United States
Two-Seater Bikes,5700 Legacy Dr,,Plano,TX ,75074,United States
Unsurpassed Bikes,Po Box 8035996,,Dallas,TX ,75201,United States