Company,AddressLine1,AddressLine2,City,State,Zip,Country
Cash & Carry Bikes,Lakeline Mall,,Cedar Park,TX ,78613,United States
Chic Department Stores,90025 Sterling St,,Irving,TX ,75061,United States
Contoso Ltd.,Fiesta Trail Shopping Center,,San Antonio,TX ,78204,United States
Designer Department Stores,Southwest Outlet,,Hillsboro,TX ,76645,United States
Elite Bikes,Po Box 8259024,,Dallas,TX ,75201,United States
Extraordinary Bike Works,Town East Center,,Mesquite,TX ,75149,United States
Fitness Toy Store,220 Mercy Drive,,Garland,TX ,75040,United States
Genial Bike Associates,99450 Highway 59 North,,Humble,TX ,77338,United States
Global Sporting Goods,Fountains On The Lake,,Stafford,TX ,77477,United States
Grand Bicycle Stores,48255 I-10 E. @ Eastpoint Blvd.,,Baytown,TX ,77520,United States
Rural Sales and Service,Management Mall,,San Antonio,TX ,78204,United States
Satin Finish Company,25220 Airline Road,,Corpus Christi,TX ,78404,United States