Company,AddressLine1,AddressLine2,City,State,Zip,Country
Sheet Metal Manufacturing,25306 Harvey Rd.,,College Station,TX ,77840,United States
Social Activities Club,23025 S.W. Military Rd.,,San Antonio,TX ,78204,United States
Solid Bike Parts,Lincoln Square,,Arlington,TX ,76010,United States
Solid State Bikes,200 Liberty Avenue,,Dallas,TX ,75201,United States
Stationary Bikes & Stands,Sapp Road W.,,Round Rock,TX ,78664,United States
Swift Cycles,25500 Old Spanish Trail,,Houston,TX ,77003,United States