City,State,PostalCode,CustomerNumber,Phone,BusinessType,ResellerName,NumberEmployees,OrderFrequency,FirstOrderYear,LastOrderYear,ProductLine,AddressLine1,AddressLine2,AnnualSales,BankName,AnnualRevenue,YearOpened
Seattle,Washington,98104,AW00029484,245-555-3710,Value Added Reseller,Best Cycle Shop,2,S,2004,2004,Mountain,1522 Elliot Avenue,,300000,International Bank,35000,1997
Renton,Washington,98055,AW00029485,170-555-7210,Value Added Reseller,Bicycle Parts Shop,10,A,2004,2004,Road,7023 S Grady Way,,800000,International Security,80000,1992
Irving,Texas,75061,AW00029486,279-555-0031,Warehouse,Trusted Toy Store,40,Q,2004,2004,Mountain,54321 Sterling Avenue,,3000000,Primary International,10000,1994
Austin,Texas,78701,AW00029487,710-555-3710,Warehouse,Bike Catalog Store,52,A,2004,2004,Touring,8008 Interchange Blvd.,,1000000,Primary International,100000,1999
Fremont,California,94536,AW00029488,828-555-6810,Specialty Bike Shop,Metropolitan Bike Supply,23,Q,2004,2004,Road,5052 Warm Springs Blvd.,,800000,Primary Bank & Reserve,80000,1978
